pickup_hour,trip_count,total_revenue_usd,avg_fare_usd,avg_distance_miles,avg_duration_minutes
0,11573316,192352301.95,13.31,3.41,15.3
1,8490198,135750104.9,12.85,3.34,15.47
2,6225229,97813711.4,12.68,3.33,14.28
3,4546567,74009559.17,13.23,3.56,14.47
4,3429728,64010271.87,15.19,4.32,14.87
5,3251503,66096900.45,16.15,4.78,13.88
6,7048756,114458751.57,13.13,3.6,12.95
7,11701053,175199867.34,12.13,2.93,13.96
8,14228506,214648000.79,12.25,2.65,15.34
9,14474463,218479163.5,12.3,2.59,15.55
10,14215610,217115209.96,12.5,2.67,15.88
11,14789043,228412813.16,12.68,2.69,16.38
12,15527075,241549671.63,12.78,2.71,16.55
13,15508617,249044217.09,13.19,2.88,16.99
14,16084005,267140228.38,13.65,3.01,17.95
15,15495185,258030192.92,13.66,2.99,18.37
16,13771191,240017193.07,13.69,3.05,18.31
17,16176564,272087266.94,13.18,2.87,17.76
18,19068844,302915044.98,12.37,2.65,16.33
19,19341271,299675046.86,12.01,2.68,15.12
20,18148538,283558530.59,12.3,2.92,14.77
21,17975701,287985408.01,12.64,3.08,14.87
22,17270391,284269310.18,13.05,3.21,15.29
23,14929278,252258438.37,13.46,3.4,15.45
