pickup_year,pickup_month,year_month,trip_count,total_revenue_usd,avg_fare_usd,avg_distance_miles
2015,1,2015-01,12616853,186235432.33,11.87,2.8
2015,2,2015-02,12320559,188745580.83,12.29,2.82
2015,3,2015-03,13207090,207618639.06,12.62,2.93
2015,4,2015-04,12935964,206150166.01,12.83,2.97
2015,5,2015-05,13026795,213437130.95,13.23,3.09
2015,6,2015-06,12202982,198862741.18,13.13,3.04
2015,7,2015-07,11445509,183893017.95,12.96,3.04
2015,8,2015-08,11013830,177279041.12,13.0,3.11
2015,9,2015-09,11105366,182057920.41,13.22,3.09
2015,10,2015-10,12187841,200670937.45,13.25,3.05
2015,11,2015-11,11193503,182512758.62,13.11,3.03
2015,12,2015-12,11341026,184087068.71,13.06,2.99
2016,1,2016-01,10801700,168308736.25,12.43,2.92
2016,2,2016-02,11270437,174948044.26,12.34,2.87
2016,3,2016-03,12091904,192879998.1,12.7,2.97
2016,4,2016-04,11810686,190808083.65,12.9,2.97
2016,5,2016-05,11718902,194553027.96,13.31,3.08
2016,6,2016-06,11022828,183391402.04,13.32,3.06
2016,7,2016-07,10190691,166826189.12,13.15,3.07
2016,8,2016-08,9843372,160547936.27,13.1,3.06
2016,9,2016-09,10014324,168849208.63,13.55,3.09
2016,10,2016-10,10747589,177677562.87,13.28,3.03
2016,11,2016-11,9999833,165209431.9,13.25,2.97
2016,12,2016-12,10341018,167115088.98,12.97,2.91
2017,1,2017-01,9614500,147610117.36,12.21,2.84
2017,2,2017-02,9077253,140628273.07,12.3,2.82
2017,3,2017-03,10188205,164645787.18,12.85,2.91
2017,4,2017-04,9940072,161327882.66,12.96,2.98
